architecture,split,scope_type,scope_value,records,positives,negatives,auroc,auprc,accuracy,balanced_accuracy,precision,recall,f1,false_positive_rate,false_negative_rate,true_positive,true_negative,false_positive,false_negative
polar,train,overall,all,1024,512,512,0.9155845642089844,0.9061192570681088,0.8173828125,0.8173828125,0.8992628992628993,0.71484375,0.7965179542981501,0.080078125,0.28515625,366,471,41,146
polar,train,dataset,gqa,342,171,171,0.9400841284497794,0.924155936358519,0.8625730994152047,0.8625730994152047,0.9078947368421053,0.8070175438596491,0.8544891640866874,0.08187134502923976,0.19298245614035087,138,157,14,33
polar,train,dataset,chartqa,342,171,171,0.8758592387401252,0.8583852216657589,0.7777777777777778,0.7777777777777778,0.8740157480314961,0.6491228070175439,0.7449664429530201,0.0935672514619883,0.3508771929824561,111,155,16,60
polar,train,dataset,textvqa,340,170,170,0.924325259515571,0.9323551831849932,0.8117647058823529,0.8117647058823529,0.9140625,0.6882352941176471,0.785234899328859,0.06470588235294118,0.31176470588235294,117,159,11,53
polar,train,depth,early,350,175,175,0.9632163265306123,0.9636923284566347,0.8885714285714286,0.8885714285714286,0.930379746835443,0.84,0.8828828828828829,0.06285714285714286,0.16,147,164,11,28
polar,train,depth,middle,360,180,180,0.8838888888888888,0.8648431630420891,0.7611111111111111,0.7611111111111111,0.873015873015873,0.6111111111111112,0.7189542483660131,0.08888888888888889,0.3888888888888889,110,164,16,70
polar,train,depth,late,314,157,157,0.8893058541928679,0.8773953346643326,0.802547770700637,0.802547770700637,0.8861788617886179,0.6942675159235668,0.7785714285714286,0.08917197452229299,0.3057324840764331,109,143,14,48
polar,train,layer,0,46,23,23,1.0,1.0,0.9565217391304348,0.9565217391304348,0.92,1.0,0.9583333333333334,0.08695652173913043,0.0,23,21,2,0
polar,train,layer,1,42,21,21,0.9909297052154195,0.9915302089215133,0.9047619047619048,0.9047619047619048,1.0,0.8095238095238095,0.8947368421052632,0.0,0.19047619047619047,17,21,0,4
polar,train,layer,2,28,14,14,0.9719387755102041,0.9708460307199804,0.8928571428571429,0.8928571428571428,0.8666666666666667,0.9285714285714286,0.896551724137931,0.14285714285714285,0.07142857142857142,13,12,2,1
polar,train,layer,3,26,13,13,0.9171597633136095,0.9520879120879121,0.8846153846153846,0.8846153846153846,1.0,0.7692307692307693,0.8695652173913044,0.0,0.23076923076923078,10,13,0,3
polar,train,layer,4,38,19,19,0.943213296398892,0.9332906429655656,0.868421052631579,0.868421052631579,0.8888888888888888,0.8421052631578947,0.8648648648648649,0.10526315789473684,0.15789473684210525,16,17,2,3
polar,train,layer,5,16,8,8,0.90625,0.8755456349206348,0.6875,0.6875,0.8,0.5,0.6153846153846154,0.125,0.5,4,7,1,4
polar,train,layer,6,42,21,21,0.95578231292517,0.9339206477585513,0.9047619047619048,0.9047619047619047,0.9473684210526315,0.8571428571428571,0.9,0.047619047619047616,0.14285714285714285,18,20,1,3
polar,train,layer,7,44,22,22,0.9834710743801653,0.9802309287906273,0.9090909090909091,0.9090909090909092,0.95,0.8636363636363636,0.9047619047619048,0.045454545454545456,0.13636363636363635,19,21,1,3
polar,train,layer,8,28,14,14,0.9285714285714286,0.9359497645211932,0.7857142857142857,0.7857142857142857,0.8333333333333334,0.7142857142857143,0.7692307692307692,0.14285714285714285,0.2857142857142857,10,12,2,4
polar,train,layer,9,40,20,20,0.98,0.9857142857142857,0.925,0.925,1.0,0.85,0.9189189189189189,0.0,0.15,17,20,0,3
polar,train,layer,10,28,14,14,0.8520408163265306,0.7801197810126381,0.75,0.75,0.8181818181818182,0.6428571428571429,0.7200000000000001,0.14285714285714285,0.35714285714285715,9,12,2,5
polar,train,layer,11,38,19,19,0.8864265927977839,0.8932406999774217,0.7105263157894737,0.7105263157894737,0.9,0.47368421052631576,0.6206896551724138,0.05263157894736842,0.5263157894736842,9,18,1,10
polar,train,layer,12,50,25,25,0.8824,0.8619747378284375,0.7,0.7,0.8125,0.52,0.6341463414634146,0.12,0.48,13,22,3,12
polar,train,layer,13,44,22,22,0.8708677685950413,0.8838232411735721,0.6818181818181818,0.6818181818181818,0.8333333333333334,0.45454545454545453,0.5882352941176471,0.09090909090909091,0.5454545454545454,10,20,2,12
polar,train,layer,14,46,23,23,0.8591682419659735,0.9019290938543193,0.782608695652174,0.7826086956521738,1.0,0.5652173913043478,0.7222222222222222,0.0,0.43478260869565216,13,23,0,10
polar,train,layer,15,44,22,22,0.9111570247933884,0.9009504199009545,0.7954545454545454,0.7954545454545454,0.9333333333333333,0.6363636363636364,0.7567567567567568,0.045454545454545456,0.36363636363636365,14,21,1,8
polar,train,layer,16,52,26,26,0.897189349112426,0.8695929681143763,0.8653846153846154,0.8653846153846154,0.8518518518518519,0.8846153846153846,0.8679245283018868,0.15384615384615385,0.11538461538461539,23,22,4,3
polar,train,layer,17,36,18,18,0.9290123456790124,0.9409778106709054,0.8333333333333334,0.8333333333333333,0.875,0.7777777777777778,0.823529411764706,0.1111111111111111,0.2222222222222222,14,16,2,4
polar,train,layer,18,22,11,11,0.9256198347107438,0.9008736213281668,0.6818181818181818,0.6818181818181818,0.8333333333333334,0.45454545454545453,0.5882352941176471,0.09090909090909091,0.5454545454545454,5,10,1,6
polar,train,layer,19,36,18,18,0.9243827160493827,0.9341155727482959,0.8055555555555556,0.8055555555555556,0.8666666666666667,0.7222222222222222,0.7878787878787877,0.1111111111111111,0.2777777777777778,13,16,2,5
polar,train,layer,20,30,15,15,0.9377777777777778,0.9533451842275372,0.7666666666666667,0.7666666666666666,1.0,0.5333333333333333,0.6956521739130436,0.0,0.4666666666666667,8,15,0,7
polar,train,layer,21,28,14,14,0.7346938775510204,0.8073325630092549,0.7857142857142857,0.7857142857142858,0.9,0.6428571428571429,0.75,0.07142857142857142,0.35714285714285715,9,13,1,5
polar,train,layer,22,32,16,16,0.88671875,0.8964759133804221,0.8125,0.8125,0.8125,0.8125,0.8125,0.1875,0.1875,13,13,3,3
polar,train,layer,23,56,28,28,0.8418367346938775,0.7559846684949445,0.7678571428571429,0.7678571428571428,0.8260869565217391,0.6785714285714286,0.7450980392156864,0.14285714285714285,0.32142857142857145,19,24,4,9
polar,train,layer,24,44,22,22,0.9452479338842975,0.8669437049253402,0.8863636363636364,0.8863636363636364,0.9047619047619048,0.8636363636363636,0.8837209302325582,0.09090909090909091,0.13636363636363635,19,20,2,3
polar,train,layer,25,30,15,15,0.8955555555555555,0.9219191919191919,0.8,0.8,0.9090909090909091,0.6666666666666666,0.7692307692307692,0.06666666666666667,0.3333333333333333,10,14,1,5
polar,train,layer,26,42,21,21,0.9229024943310657,0.9421714751823113,0.8809523809523809,0.8809523809523809,0.9444444444444444,0.8095238095238095,0.8717948717948718,0.047619047619047616,0.19047619047619047,17,20,1,4
polar,train,layer,27,16,8,8,0.78125,0.866117216117216,0.5625,0.5625,1.0,0.125,0.2222222222222222,0.0,0.875,1,8,0,7
polar,validation,overall,all,256,128,128,0.542877197265625,0.5409974547208372,0.49609375,0.49609375,0.4666666666666667,0.0546875,0.0979020979020979,0.0625,0.9453125,7,120,8,121
polar,validation,dataset,gqa,86,43,43,0.5408328826392644,0.5598301204713443,0.5,0.5,0.5,0.023255813953488372,0.04444444444444444,0.023255813953488372,0.9767441860465116,1,42,1,42
polar,validation,dataset,chartqa,86,43,43,0.5681449432125473,0.5557715284158835,0.4883720930232558,0.4883720930232558,0.4444444444444444,0.09302325581395349,0.15384615384615385,0.11627906976744186,0.9069767441860465,4,38,5,39
polar,validation,dataset,textvqa,84,42,42,0.5317460317460317,0.5368200952068446,0.5,0.5,0.5,0.047619047619047616,0.08695652173913042,0.047619047619047616,0.9523809523809523,2,40,2,40
polar,validation,depth,early,96,48,48,0.5533854166666666,0.556157568105657,0.5,0.5,0.5,0.041666666666666664,0.07692307692307693,0.041666666666666664,0.9583333333333334,2,46,2,46
polar,validation,depth,middle,86,43,43,0.510275824770146,0.523985384917789,0.5,0.5,0.5,0.09302325581395349,0.15686274509803924,0.09302325581395349,0.9069767441860465,4,39,4,39
polar,validation,depth,late,74,37,37,0.5858290723155588,0.5990900988960116,0.4864864864864865,0.4864864864864865,0.3333333333333333,0.02702702702702703,0.05,0.05405405405405406,0.972972972972973,1,35,2,36
polar,validation,layer,0,10,5,5,0.44,0.49777777777777776,0.5,0.5,0.0,0.0,0.0,0.0,1.0,0,5,0,5
polar,validation,layer,1,18,9,9,0.8024691358024691,0.8591269841269843,0.5555555555555556,0.5555555555555556,1.0,0.1111111111111111,0.19999999999999998,0.0,0.8888888888888888,1,9,0,8
polar,validation,layer,2,4,2,2,0.5,0.5833333333333333,0.5,0.5,0.0,0.0,0.0,0.0,1.0,0,2,0,2
polar,validation,layer,3,6,3,3,0.6666666666666666,0.8333333333333333,0.5,0.5,0.0,0.0,0.0,0.0,1.0,0,3,0,3
polar,validation,layer,4,8,4,4,0.75,0.8166666666666667,0.5,0.5,0.0,0.0,0.0,0.0,1.0,0,4,0,4
polar,validation,layer,5,8,4,4,0.6875,0.7928571428571429,0.625,0.625,1.0,0.25,0.4,0.0,0.75,1,4,0,3
polar,validation,layer,6,6,3,3,0.2222222222222222,0.4666666666666667,0.5,0.5,0.0,0.0,0.0,0.0,1.0,0,3,0,3
polar,validation,layer,7,12,6,6,0.3611111111111111,0.45357142857142857,0.4166666666666667,0.4166666666666667,0.0,0.0,0.0,0.16666666666666666,1.0,0,5,1,6
polar,validation,layer,8,10,5,5,0.44,0.4920634920634921,0.4,0.4,0.0,0.0,0.0,0.2,1.0,0,4,1,5
polar,validation,layer,9,14,7,7,0.40816326530612246,0.6416916416916418,0.5,0.5,0.0,0.0,0.0,0.0,1.0,0,7,0,7
polar,validation,layer,10,2,1,1,0.0,0.5,0.5,0.5,0.0,0.0,0.0,0.0,1.0,0,1,0,1
polar,validation,layer,11,4,2,2,0.5,0.5833333333333333,0.5,0.5,0.0,0.0,0.0,0.0,1.0,0,2,0,2
polar,validation,layer,12,6,3,3,0.2222222222222222,0.4666666666666667,0.5,0.5,0.0,0.0,0.0,0.0,1.0,0,3,0,3
polar,validation,layer,13,14,7,7,0.46938775510204084,0.5356532356532356,0.5,0.5,0.0,0.0,0.0,0.0,1.0,0,7,0,7
polar,validation,layer,14,20,10,10,0.44,0.5385137085137084,0.55,0.55,1.0,0.1,0.18181818181818182,0.0,0.9,1,10,0,9
polar,validation,layer,15,12,6,6,0.4305555555555556,0.5640211640211641,0.5833333333333334,0.5833333333333334,1.0,0.16666666666666666,0.2857142857142857,0.0,0.8333333333333334,1,6,0,5
polar,validation,layer,16,14,7,7,0.45918367346938777,0.4987571951857666,0.42857142857142855,0.42857142857142855,0.4,0.2857142857142857,0.3333333333333333,0.42857142857142855,0.7142857142857143,2,4,3,5
polar,validation,layer,17,4,2,2,0.25,0.5,0.25,0.25,0.0,0.0,0.0,0.5,1.0,0,1,1,2
polar,validation,layer,18,10,5,5,0.98,0.9666666666666667,0.5,0.5,0.0,0.0,0.0,0.0,1.0,0,5,0,5
polar,validation,layer,19,8,4,4,0.1875,0.44047619047619047,0.375,0.375,0.0,0.0,0.0,0.25,1.0,0,3,1,4
polar,validation,layer,20,6,3,3,0.2777777777777778,0.4444444444444445,0.5,0.5,0.0,0.0,0.0,0.0,1.0,0,3,0,3
polar,validation,layer,21,10,5,5,0.78,0.8392857142857143,0.5,0.5,0.0,0.0,0.0,0.0,1.0,0,5,0,5
polar,validation,layer,22,6,3,3,0.5555555555555556,0.5888888888888888,0.3333333333333333,0.3333333333333333,0.0,0.0,0.0,0.3333333333333333,1.0,0,2,1,3
polar,validation,layer,23,12,6,6,0.6944444444444444,0.7620370370370371,0.5,0.5,0.0,0.0,0.0,0.0,1.0,0,6,0,6
polar,validation,layer,24,8,4,4,0.75,0.8303571428571428,0.625,0.625,1.0,0.25,0.4,0.0,0.75,1,4,0,3
polar,validation,layer,25,10,5,5,0.64,0.6977777777777777,0.5,0.5,0.0,0.0,0.0,0.0,1.0,0,5,0,5
polar,validation,layer,26,10,5,5,0.76,0.7961904761904761,0.5,0.5,0.0,0.0,0.0,0.0,1.0,0,5,0,5
polar,validation,layer,27,4,2,2,0.0,0.41666666666666663,0.5,0.5,0.0,0.0,0.0,0.0,1.0,0,2,0,2
online,train,overall,all,1024,512,512,0.9945144653320312,0.9903864685608944,0.9619140625,0.9619140625,0.9292196007259528,1.0,0.9633113828786454,0.076171875,0.0,512,473,39,0
online,train,dataset,gqa,342,171,171,0.9941520467836257,0.9850674517812806,0.956140350877193,0.956140350877193,0.9193548387096774,1.0,0.9579831932773109,0.08771929824561403,0.0,171,156,15,0
online,train,dataset,chartqa,342,171,171,0.991963339147088,0.9889117713521686,0.9502923976608187,0.9502923976608186,0.9095744680851063,1.0,0.9526462395543175,0.09941520467836257,0.0,171,154,17,0
online,train,dataset,textvqa,340,170,170,0.9955017301038063,0.9942878331391962,0.9794117647058823,0.9794117647058824,0.96045197740113,1.0,0.9798270893371758,0.041176470588235294,0.0,170,163,7,0
online,train,depth,early,350,175,175,0.9917387755102041,0.98262066816445,0.9514285714285714,0.9514285714285714,0.9114583333333334,1.0,0.9536784741144414,0.09714285714285714,0.0,175,158,17,0
online,train,depth,middle,360,180,180,0.9991358024691358,0.9991178090229654,0.9611111111111111,0.9611111111111111,0.9278350515463918,1.0,0.9625668449197862,0.07777777777777778,0.0,180,166,14,0
online,train,depth,late,314,157,157,0.9943608259969978,0.9926300174915802,0.9745222929936306,0.9745222929936306,0.9515151515151515,1.0,0.9751552795031055,0.050955414012738856,0.0,157,149,8,0
online,train,layer,0,46,23,23,1.0,1.0,1.0,1.0,1.0,1.0,1.0,0.0,0.0,23,23,0,0
online,train,layer,1,42,21,21,1.0,1.0,1.0,1.0,1.0,1.0,1.0,0.0,0.0,21,21,0,0
online,train,layer,2,28,14,14,0.9336734693877551,0.8897693576265004,0.9285714285714286,0.9285714285714286,0.875,1.0,0.9333333333333333,0.14285714285714285,0.0,14,12,2,0
online,train,layer,3,26,13,13,1.0,1.0,0.9230769230769231,0.9230769230769231,0.8666666666666667,1.0,0.9285714285714286,0.15384615384615385,0.0,13,11,2,0
online,train,layer,4,38,19,19,1.0,1.0,0.8947368421052632,0.8947368421052632,0.8260869565217391,1.0,0.9047619047619047,0.21052631578947367,0.0,19,15,4,0
online,train,layer,5,16,8,8,1.0,1.0,0.9375,0.9375,0.8888888888888888,1.0,0.9411764705882353,0.125,0.0,8,7,1,0
online,train,layer,6,42,21,21,1.0,1.0,0.9523809523809523,0.9523809523809523,0.9130434782608695,1.0,0.9545454545454545,0.09523809523809523,0.0,21,19,2,0
online,train,layer,7,44,22,22,0.9834710743801653,0.9810880673700979,0.8863636363636364,0.8863636363636364,0.8148148148148148,1.0,0.8979591836734693,0.22727272727272727,0.0,22,17,5,0
online,train,layer,8,28,14,14,1.0,1.0,1.0,1.0,1.0,1.0,1.0,0.0,0.0,14,14,0,0
online,train,layer,9,40,20,20,1.0,1.0,0.975,0.975,0.9523809523809523,1.0,0.975609756097561,0.05,0.0,20,19,1,0
online,train,layer,10,28,14,14,1.0,1.0,1.0,1.0,1.0,1.0,1.0,0.0,0.0,14,14,0,0
online,train,layer,11,38,19,19,0.997229916897507,0.9973684210526316,0.9473684210526315,0.9473684210526316,0.9047619047619048,1.0,0.9500000000000001,0.10526315789473684,0.0,19,17,2,0
online,train,layer,12,50,25,25,0.9936,0.9934557413600892,0.94,0.94,0.8928571428571429,1.0,0.9433962264150945,0.12,0.0,25,22,3,0
online,train,layer,13,44,22,22,1.0,1.0,0.9772727272727273,0.9772727272727273,0.9565217391304348,1.0,0.9777777777777777,0.045454545454545456,0.0,22,21,1,0
online,train,layer,14,46,23,23,1.0,1.0,0.9565217391304348,0.9565217391304348,0.92,1.0,0.9583333333333334,0.08695652173913043,0.0,23,21,2,0
online,train,layer,15,44,22,22,1.0,1.0,0.9545454545454546,0.9545454545454546,0.9166666666666666,1.0,0.9565217391304348,0.09090909090909091,0.0,22,20,2,0
online,train,layer,16,52,26,26,1.0,1.0,0.9615384615384616,0.9615384615384616,0.9285714285714286,1.0,0.962962962962963,0.07692307692307693,0.0,26,24,2,0
online,train,layer,17,36,18,18,1.0,1.0,0.9444444444444444,0.9444444444444444,0.9,1.0,0.9473684210526316,0.1111111111111111,0.0,18,16,2,0
online,train,layer,18,22,11,11,1.0,1.0,1.0,1.0,1.0,1.0,1.0,0.0,0.0,11,11,0,0
online,train,layer,19,36,18,18,1.0,1.0,0.9444444444444444,0.9444444444444444,0.9,1.0,0.9473684210526316,0.1111111111111111,0.0,18,16,2,0
online,train,layer,20,30,15,15,1.0,1.0,1.0,1.0,1.0,1.0,1.0,0.0,0.0,15,15,0,0
online,train,layer,21,28,14,14,1.0,1.0,0.9642857142857143,0.9642857142857143,0.9333333333333333,1.0,0.9655172413793104,0.07142857142857142,0.0,14,13,1,0
online,train,layer,22,32,16,16,1.0,1.0,1.0,1.0,1.0,1.0,1.0,0.0,0.0,16,16,0,0
online,train,layer,23,56,28,28,0.9783163265306123,0.9758128093134181,0.9642857142857143,0.9642857142857143,0.9333333333333333,1.0,0.9655172413793104,0.07142857142857142,0.0,28,26,2,0
online,train,layer,24,44,22,22,1.0,1.0,0.9772727272727273,0.9772727272727273,0.9565217391304348,1.0,0.9777777777777777,0.045454545454545456,0.0,22,21,1,0
online,train,layer,25,30,15,15,1.0,1.0,0.9333333333333333,0.9333333333333333,0.8823529411764706,1.0,0.9375,0.13333333333333333,0.0,15,13,2,0
online,train,layer,26,42,21,21,1.0,1.0,1.0,1.0,1.0,1.0,1.0,0.0,0.0,21,21,0,0
online,train,layer,27,16,8,8,1.0,1.0,1.0,1.0,1.0,1.0,1.0,0.0,0.0,8,8,0,0
online,validation,overall,all,256,128,128,0.50775146484375,0.5925880149383266,0.58203125,0.58203125,0.8888888888888888,0.1875,0.3096774193548387,0.0234375,0.8125,24,125,3,104
online,validation,dataset,gqa,86,43,43,0.505137912385073,0.6031539432359867,0.5813953488372093,0.5813953488372093,1.0,0.16279069767441862,0.28,0.0,0.8372093023255814,7,43,0,36
online,validation,dataset,chartqa,86,43,43,0.533802055164954,0.6472648393265177,0.6395348837209303,0.6395348837209303,0.9285714285714286,0.3023255813953488,0.456140350877193,0.023255813953488372,0.6976744186046512,13,42,1,30
online,validation,dataset,textvqa,84,42,42,0.5068027210884354,0.5538625792822918,0.5238095238095238,0.5238095238095237,0.6666666666666666,0.09523809523809523,0.16666666666666666,0.047619047619047616,0.9047619047619048,4,40,2,38
online,validation,depth,early,96,48,48,0.4782986111111111,0.5558268204308245,0.5625,0.5625,1.0,0.125,0.2222222222222222,0.0,0.875,6,48,0,42
online,validation,depth,middle,86,43,43,0.550027041644132,0.6372090360258744,0.6162790697674418,0.6162790697674418,0.8571428571428571,0.27906976744186046,0.4210526315789474,0.046511627906976744,0.7209302325581395,12,41,2,31
online,validation,depth,late,74,37,37,0.4996347699050402,0.5923944330998787,0.5675675675675675,0.5675675675675675,0.8571428571428571,0.16216216216216217,0.27272727272727276,0.02702702702702703,0.8378378378378378,6,36,1,31
online,validation,layer,0,10,5,5,0.64,0.7392857142857143,0.6,0.6,1.0,0.2,0.33333333333333337,0.0,0.8,1,5,0,4
online,validation,layer,1,18,9,9,0.41975308641975306,0.5421516754850089,0.5555555555555556,0.5555555555555556,1.0,0.1111111111111111,0.19999999999999998,0.0,0.8888888888888888,1,9,0,8
online,validation,layer,2,4,2,2,0.5,0.75,0.5,0.5,0.0,0.0,0.0,0.0,1.0,0,2,0,2
online,validation,layer,3,6,3,3,0.1111111111111111,0.4111111111111111,0.5,0.5,0.0,0.0,0.0,0.0,1.0,0,3,0,3
online,validation,layer,4,8,4,4,0.3125,0.5821428571428571,0.625,0.625,1.0,0.25,0.4,0.0,0.75,1,4,0,3
online,validation,layer,5,8,4,4,0.625,0.7095238095238094,0.5,0.5,0.0,0.0,0.0,0.0,1.0,0,4,0,4
online,validation,layer,6,6,3,3,0.6666666666666666,0.8333333333333333,0.6666666666666666,0.6666666666666666,1.0,0.3333333333333333,0.5,0.0,0.6666666666666666,1,3,0,2
online,validation,layer,7,12,6,6,0.25,0.4115740740740741,0.5,0.5,0.0,0.0,0.0,0.0,1.0,0,6,0,6
online,validation,layer,8,10,5,5,0.36,0.5688888888888889,0.6,0.6,1.0,0.2,0.33333333333333337,0.0,0.8,1,5,0,4
online,validation,layer,9,14,7,7,0.6326530612244898,0.6908686551543695,0.5714285714285714,0.5714285714285714,1.0,0.14285714285714285,0.25,0.0,0.8571428571428571,1,7,0,6
online,validation,layer,10,2,1,1,0.0,0.5,0.5,0.5,0.0,0.0,0.0,0.0,1.0,0,1,0,1
online,validation,layer,11,4,2,2,0.5,0.5833333333333333,0.5,0.5,0.0,0.0,0.0,0.0,1.0,0,2,0,2
online,validation,layer,12,6,3,3,0.6666666666666666,0.7555555555555555,0.6666666666666666,0.6666666666666666,1.0,0.3333333333333333,0.5,0.0,0.6666666666666666,1,3,0,2
online,validation,layer,13,14,7,7,0.6122448979591837,0.746031746031746,0.5714285714285714,0.5714285714285714,1.0,0.14285714285714285,0.25,0.0,0.8571428571428571,1,7,0,6
online,validation,layer,14,20,10,10,0.64,0.708011384040796,0.6,0.6,0.75,0.3,0.4285714285714285,0.1,0.7,3,9,1,7
online,validation,layer,15,12,6,6,0.5555555555555556,0.7407407407407407,0.6666666666666666,0.6666666666666666,1.0,0.3333333333333333,0.5,0.0,0.6666666666666666,2,6,0,4
online,validation,layer,16,14,7,7,0.6326530612244898,0.704421768707483,0.7142857142857143,0.7142857142857142,0.8,0.5714285714285714,0.6666666666666666,0.14285714285714285,0.42857142857142855,4,6,1,3
online,validation,layer,17,4,2,2,0.5,0.75,0.75,0.75,1.0,0.5,0.6666666666666666,0.0,0.5,1,2,0,1
online,validation,layer,18,10,5,5,0.36,0.5634920634920635,0.5,0.5,0.0,0.0,0.0,0.0,1.0,0,5,0,5
online,validation,layer,19,8,4,4,0.5,0.7321428571428571,0.625,0.625,1.0,0.25,0.4,0.0,0.75,1,4,0,3
online,validation,layer,20,6,3,3,0.1111111111111111,0.4111111111111111,0.5,0.5,0.0,0.0,0.0,0.0,1.0,0,3,0,3
online,validation,layer,21,10,5,5,0.4,0.5857142857142857,0.6,0.6,1.0,0.2,0.33333333333333337,0.0,0.8,1,5,0,4
online,validation,layer,22,6,3,3,0.7777777777777778,0.8666666666666667,0.6666666666666666,0.6666666666666666,1.0,0.3333333333333333,0.5,0.0,0.6666666666666666,1,3,0,2
online,validation,layer,23,12,6,6,0.6388888888888888,0.7342592592592593,0.6666666666666666,0.6666666666666666,1.0,0.3333333333333333,0.5,0.0,0.6666666666666666,2,6,0,4
online,validation,layer,24,8,4,4,0.5,0.6666666666666666,0.5,0.5,0.0,0.0,0.0,0.0,1.0,0,4,0,4
online,validation,layer,25,10,5,5,0.52,0.7088888888888889,0.6,0.6,1.0,0.2,0.33333333333333337,0.0,0.8,1,5,0,4
online,validation,layer,26,10,5,5,0.56,0.5976190476190476,0.4,0.4,0.0,0.0,0.0,0.2,1.0,0,4,1,5
online,validation,layer,27,4,2,2,0.5,0.75,0.5,0.5,0.0,0.0,0.0,0.0,1.0,0,2,0,2
